{"v":"5.4.3","fr":60,"ip":0,"op":600,"w":1000,"h":1000,"nm":"countdown 1","ddd":0,"assets":[{"id":"comp_0","layers":[{"ddd":0,"ind":1,"ty":4,"nm":"Shape Layer 1","sr":1,"ks":{"o":{"a":0,"k":100,"ix":11},"r":{"a":0,"k":0,"ix":10},"p":{"a":0,"k":[489.499,490.393,0],"ix":2},"a":{"a":0,"k":[-83.489,-81.163,0],"ix":1},"s":{"a":0,"k":[2149.465,2149.465,100],"ix":6}},"ao":0,"shapes":[{"ty":"gr","it":[{"d":1,"ty":"el","s":{"a":0,"k":[646,646],"ix":2},"p":{"a":0,"k":[0,0],"ix":3},"nm":"Ellipse Path 1","mn":"ADBE Vector Shape - Ellipse","hd":false},{"ty":"st","c":{"a":0,"k":[0.058823533356,0.800000071526,0.807843208313,1],"ix":3},"o":{"a":0,"k":100,"ix":4},"w":{"a":0,"k":20,"ix":5},"lc":2,"lj":2,"bm":0,"nm":"Stroke 1","mn":"ADBE Vector Graphic - Stroke","hd":false},{"ty":"tr","p":{"a":0,"k":[-83,-81],"ix":2},"a":{"a":0,"k":[0,-4],"ix":1},"s":{"a":0,"k":[6.739,6.739],"ix":3},"r":{"a":0,"k":0,"ix":6},"o":{"a":0,"k":100,"ix":7},"sk":{"a":0,"k":0,"ix":4},"sa":{"a":0,"k":0,"ix":5},"nm":"Transform"}],"nm":"Ellipse 1","np":2,"cix":2,"bm":0,"ix":1,"mn":"ADBE Vector Group","hd":false},{"ty":"tm","s":{"a":1,"k":[{"i":{"x":[0.833],"y":[0.833]},"o":{"x":[0.167],"y":[0.167]},"n":["0p833_0p833_0p167_0p167"],"t":0,"s":[0],"e":[100]},{"t":60}],"ix":1},"e":{"a":0,"k":100,"ix":2},"o":{"a":0,"k":0,"ix":3},"m":1,"ix":2,"nm":"Trim Paths 1","mn":"ADBE Vector Filter - Trim","hd":false}],"ip":0,"op":60,"st":0,"bm":0}]}],"fonts":{"list":[{"fName":"BalooBhai-Regular","fFamily":"Baloo Bhai","fStyle":"Regular","ascent":66.8995483778417}]},"layers":[{"ddd":0,"ind":1,"ty":0,"nm":"circle","refId":"comp_0","sr":1,"ks":{"o":{"a":0,"k":100,"ix":11},"r":{"a":0,"k":0,"ix":10},"p":{"a":0,"k":[500,500,0],"ix":2},"a":{"a":0,"k":[500,500,0],"ix":1},"s":{"a":0,"k":[100,100,100],"ix":6}},"ao":0,"w":1000,"h":1000,"ip":540,"op":600,"st":540,"bm":0},{"ddd":0,"ind":2,"ty":0,"nm":"circle","refId":"comp_0","sr":1,"ks":{"o":{"a":0,"k":100,"ix":11},"r":{"a":0,"k":0,"ix":10},"p":{"a":0,"k":[500,500,0],"ix":2},"a":{"a":0,"k":[500,500,0],"ix":1},"s":{"a":0,"k":[100,100,100],"ix":6}},"ao":0,"w":1000,"h":1000,"ip":480,"op":540,"st":480,"bm":0},{"ddd":0,"ind":3,"ty":0,"nm":"circle","refId":"comp_0","sr":1,"ks":{"o":{"a":0,"k":100,"ix":11},"r":{"a":0,"k":0,"ix":10},"p":{"a":0,"k":[500,500,0],"ix":2},"a":{"a":0,"k":[500,500,0],"ix":1},"s":{"a":0,"k":[100,100,100],"ix":6}},"ao":0,"w":1000,"h":1000,"ip":420,"op":480,"st":420,"bm":0},{"ddd":0,"ind":4,"ty":0,"nm":"circle","refId":"comp_0","sr":1,"ks":{"o":{"a":0,"k":100,"ix":11},"r":{"a":0,"k":0,"ix":10},"p":{"a":0,"k":[500,500,0],"ix":2},"a":{"a":0,"k":[500,500,0],"ix":1},"s":{"a":0,"k":[100,100,100],"ix":6}},"ao":0,"w":1000,"h":1000,"ip":360,"op":420,"st":360,"bm":0},{"ddd":0,"ind":5,"ty":0,"nm":"circle","refId":"comp_0","sr":1,"ks":{"o":{"a":0,"k":100,"ix":11},"r":{"a":0,"k":0,"ix":10},"p":{"a":0,"k":[500,500,0],"ix":2},"a":{"a":0,"k":[500,500,0],"ix":1},"s":{"a":0,"k":[100,100,100],"ix":6}},"ao":0,"w":1000,"h":1000,"ip":300,"op":360,"st":300,"bm":0},{"ddd":0,"ind":6,"ty":0,"nm":"circle","refId":"comp_0","sr":1,"ks":{"o":{"a":0,"k":100,"ix":11},"r":{"a":0,"k":0,"ix":10},"p":{"a":0,"k":[500,500,0],"ix":2},"a":{"a":0,"k":[500,500,0],"ix":1},"s":{"a":0,"k":[100,100,100],"ix":6}},"ao":0,"w":1000,"h":1000,"ip":240,"op":300,"st":240,"bm":0},{"ddd":0,"ind":7,"ty":0,"nm":"circle","refId":"comp_0","sr":1,"ks":{"o":{"a":0,"k":100,"ix":11},"r":{"a":0,"k":0,"ix":10},"p":{"a":0,"k":[500,500,0],"ix":2},"a":{"a":0,"k":[500,500,0],"ix":1},"s":{"a":0,"k":[100,100,100],"ix":6}},"ao":0,"w":1000,"h":1000,"ip":180,"op":240,"st":180,"bm":0},{"ddd":0,"ind":8,"ty":0,"nm":"circle","refId":"comp_0","sr":1,"ks":{"o":{"a":0,"k":100,"ix":11},"r":{"a":0,"k":0,"ix":10},"p":{"a":0,"k":[500,500,0],"ix":2},"a":{"a":0,"k":[500,500,0],"ix":1},"s":{"a":0,"k":[100,100,100],"ix":6}},"ao":0,"w":1000,"h":1000,"ip":120,"op":180,"st":120,"bm":0},{"ddd":0,"ind":9,"ty":0,"nm":"circle","refId":"comp_0","sr":1,"ks":{"o":{"a":0,"k":100,"ix":11},"r":{"a":0,"k":0,"ix":10},"p":{"a":0,"k":[500,500,0],"ix":2},"a":{"a":0,"k":[500,500,0],"ix":1},"s":{"a":0,"k":[100,100,100],"ix":6}},"ao":0,"w":1000,"h":1000,"ip":60,"op":120,"st":60,"bm":0},{"ddd":0,"ind":10,"ty":0,"nm":"circle","refId":"comp_0","sr":1,"ks":{"o":{"a":0,"k":100,"ix":11},"r":{"a":0,"k":0,"ix":10},"p":{"a":0,"k":[500,500,0],"ix":2},"a":{"a":0,"k":[500,500,0],"ix":1},"s":{"a":0,"k":[100,100,100],"ix":6}},"ao":0,"w":1000,"h":1000,"ip":0,"op":60,"st":0,"bm":0},{"ddd":0,"ind":11,"ty":5,"nm":"1","sr":1,"ks":{"o":{"a":0,"k":100,"ix":11},"r":{"a":0,"k":0,"ix":10},"p":{"a":0,"k":[502.738,500.033,0],"ix":2},"a":{"a":0,"k":[230.96,-302.733,0],"ix":1},"s":{"a":1,"k":[{"i":{"x":[0.667,0.667,0.667],"y":[1,1,1]},"o":{"x":[0.333,0.333,0.333],"y":[0,0,0]},"n":["0p667_1_0p333_0","0p667_1_0p333_0","0p667_1_0p333_0"],"t":540,"s":[4.314,4.314,100],"e":[121.807,121.807,100]},{"i":{"x":[0.667,0.667,0.667],"y":[1,1,1]},"o":{"x":[0.333,0.333,0.333],"y":[0,0,0]},"n":["0p667_1_0p333_0","0p667_1_0p333_0","0p667_1_0p333_0"],"t":546.301,"s":[121.807,121.807,100],"e":[92.941,92.941,100]},{"i":{"x":[0.667,0.667,0.667],"y":[1,1,1]},"o":{"x":[0.333,0.333,0.333],"y":[0,0,0]},"n":["0p667_1_0p333_0","0p667_1_0p333_0","0p667_1_0p333_0"],"t":553.301,"s":[92.941,92.941,100],"e":[100,100,100]},{"t":561}],"ix":6}},"ao":0,"t":{"d":{"k":[{"s":{"s":1000,"f":"BalooBhai-Regular","t":"1","j":0,"tr":0,"lh":1200,"ls":0,"fc":[0.059,0.8,0.808]},"t":0}]},"p":{},"m":{"g":1,"a":{"a":0,"k":[0,0],"ix":2}},"a":[]},"ip":540,"op":600,"st":540,"bm":0},{"ddd":0,"ind":12,"ty":5,"nm":"2","sr":1,"ks":{"o":{"a":0,"k":100,"ix":11},"r":{"a":0,"k":0,"ix":10},"p":{"a":0,"k":[500.092,500.119,0],"ix":2},"a":{"a":0,"k":[263.13,-308.733,0],"ix":1},"s":{"a":1,"k":[{"i":{"x":[0.667,0.667,0.667],"y":[1,1,1]},"o":{"x":[0.333,0.333,0.333],"y":[0,0,0]},"n":["0p667_1_0p333_0","0p667_1_0p333_0","0p667_1_0p333_0"],"t":480,"s":[4.314,4.314,100],"e":[121.807,121.807,100]},{"i":{"x":[0.667,0.667,0.667],"y":[1,1,1]},"o":{"x":[0.333,0.333,0.333],"y":[0,0,0]},"n":["0p667_1_0p333_0","0p667_1_0p333_0","0p667_1_0p333_0"],"t":486.301,"s":[121.807,121.807,100],"e":[92.941,92.941,100]},{"i":{"x":[0.667,0.667,0.667],"y":[1,1,1]},"o":{"x":[0.333,0.333,0.333],"y":[0,0,0]},"n":["0p667_1_0p333_0","0p667_1_0p333_0","0p667_1_0p333_0"],"t":493.301,"s":[92.941,92.941,100],"e":[100,100,100]},{"t":501}],"ix":6}},"ao":0,"t":{"d":{"k":[{"s":{"s":1000,"f":"BalooBhai-Regular","t":"2","j":0,"tr":0,"lh":1200,"ls":0,"fc":[0.059,0.8,0.808]},"t":0}]},"p":{},"m":{"g":1,"a":{"a":0,"k":[0,0],"ix":2}},"a":[]},"ip":480,"op":540,"st":480,"bm":0},{"ddd":0,"ind":13,"ty":5,"nm":"3","sr":1,"ks":{"o":{"a":0,"k":100,"ix":11},"r":{"a":0,"k":0,"ix":10},"p":{"a":0,"k":[500.08,500.043,0],"ix":2},"a":{"a":0,"k":[255.859,-302.5,0],"ix":1},"s":{"a":1,"k":[{"i":{"x":[0.667,0.667,0.667],"y":[1,1,1]},"o":{"x":[0.333,0.333,0.333],"y":[0,0,0]},"n":["0p667_1_0p333_0","0p667_1_0p333_0","0p667_1_0p333_0"],"t":420,"s":[4.314,4.314,100],"e":[121.807,121.807,100]},{"i":{"x":[0.667,0.667,0.667],"y":[1,1,1]},"o":{"x":[0.333,0.333,0.333],"y":[0,0,0]},"n":["0p667_1_0p333_0","0p667_1_0p333_0","0p667_1_0p333_0"],"t":426.301,"s":[121.807,121.807,100],"e":[92.941,92.941,100]},{"i":{"x":[0.667,0.667,0.667],"y":[1,1,1]},"o":{"x":[0.333,0.333,0.333],"y":[0,0,0]},"n":["0p667_1_0p333_0","0p667_1_0p333_0","0p667_1_0p333_0"],"t":433.301,"s":[92.941,92.941,100],"e":[100,100,100]},{"t":441}],"ix":6}},"ao":0,"t":{"d":{"k":[{"s":{"s":1000,"f":"BalooBhai-Regular","t":"3","j":0,"tr":0,"lh":1200,"ls":0,"fc":[0.059,0.8,0.808]},"t":0}]},"p":{},"m":{"g":1,"a":{"a":0,"k":[0,0],"ix":2}},"a":[]},"ip":420,"op":480,"st":420,"bm":0},{"ddd":0,"ind":14,"ty":5,"nm":"4","sr":1,"ks":{"o":{"a":0,"k":100,"ix":11},"r":{"a":0,"k":0,"ix":10},"p":{"a":0,"k":[500.037,500.173,0],"ix":2},"a":{"a":0,"k":[311.859,-299.5,0],"ix":1},"s":{"a":1,"k":[{"i":{"x":[0.667,0.667,0.667],"y":[1,1,1]},"o":{"x":[0.333,0.333,0.333],"y":[0,0,0]},"n":["0p667_1_0p333_0","0p667_1_0p333_0","0p667_1_0p333_0"],"t":360,"s":[4.314,4.314,100],"e":[121.807,121.807,100]},{"i":{"x":[0.667,0.667,0.667],"y":[1,1,1]},"o":{"x":[0.333,0.333,0.333],"y":[0,0,0]},"n":["0p667_1_0p333_0","0p667_1_0p333_0","0p667_1_0p333_0"],"t":366.301,"s":[121.807,121.807,100],"e":[92.941,92.941,100]},{"i":{"x":[0.667,0.667,0.667],"y":[1,1,1]},"o":{"x":[0.333,0.333,0.333],"y":[0,0,0]},"n":["0p667_1_0p333_0","0p667_1_0p333_0","0p667_1_0p333_0"],"t":373.301,"s":[92.941,92.941,100],"e":[100,100,100]},{"t":381}],"ix":6}},"ao":0,"t":{"d":{"k":[{"s":{"s":1000,"f":"BalooBhai-Regular","t":"4","j":0,"tr":0,"lh":1200,"ls":0,"fc":[0.059,0.8,0.808]},"t":0}]},"p":{},"m":{"g":1,"a":{"a":0,"k":[0,0],"ix":2}},"a":[]},"ip":360,"op":420,"st":360,"bm":0},{"ddd":0,"ind":15,"ty":5,"nm":"5","sr":1,"ks":{"o":{"a":0,"k":100,"ix":11},"r":{"a":0,"k":0,"ix":10},"p":{"a":0,"k":[499.951,499.978,0],"ix":2},"a":{"a":0,"k":[269.859,-296.5,0],"ix":1},"s":{"a":1,"k":[{"i":{"x":[0.667,0.667,0.667],"y":[1,1,1]},"o":{"x":[0.333,0.333,0.333],"y":[0,0,0]},"n":["0p667_1_0p333_0","0p667_1_0p333_0","0p667_1_0p333_0"],"t":300,"s":[4.314,4.314,100],"e":[121.807,121.807,100]},{"i":{"x":[0.667,0.667,0.667],"y":[1,1,1]},"o":{"x":[0.333,0.333,0.333],"y":[0,0,0]},"n":["0p667_1_0p333_0","0p667_1_0p333_0","0p667_1_0p333_0"],"t":306.301,"s":[121.807,121.807,100],"e":[92.941,92.941,100]},{"i":{"x":[0.667,0.667,0.667],"y":[1,1,1]},"o":{"x":[0.333,0.333,0.333],"y":[0,0,0]},"n":["0p667_1_0p333_0","0p667_1_0p333_0","0p667_1_0p333_0"],"t":313.301,"s":[92.941,92.941,100],"e":[100,100,100]},{"t":321}],"ix":6}},"ao":0,"t":{"d":{"k":[{"s":{"s":1000,"f":"BalooBhai-Regular","t":"5","j":0,"tr":0,"lh":1200,"ls":0,"fc":[0.059,0.8,0.808]},"t":0}]},"p":{},"m":{"g":1,"a":{"a":0,"k":[0,0],"ix":2}},"a":[]},"ip":300,"op":360,"st":300,"bm":0},{"ddd":0,"ind":16,"ty":5,"nm":"6","sr":1,"ks":{"o":{"a":0,"k":100,"ix":11},"r":{"a":0,"k":0,"ix":10},"p":{"a":0,"k":[499.929,500.173,0],"ix":2},"a":{"a":0,"k":[278.859,-299.5,0],"ix":1},"s":{"a":1,"k":[{"i":{"x":[0.667,0.667,0.667],"y":[1,1,1]},"o":{"x":[0.333,0.333,0.333],"y":[0,0,0]},"n":["0p667_1_0p333_0","0p667_1_0p333_0","0p667_1_0p333_0"],"t":240,"s":[4.314,4.314,100],"e":[121.807,121.807,100]},{"i":{"x":[0.667,0.667,0.667],"y":[1,1,1]},"o":{"x":[0.333,0.333,0.333],"y":[0,0,0]},"n":["0p667_1_0p333_0","0p667_1_0p333_0","0p667_1_0p333_0"],"t":246.301,"s":[121.807,121.807,100],"e":[92.941,92.941,100]},{"i":{"x":[0.667,0.667,0.667],"y":[1,1,1]},"o":{"x":[0.333,0.333,0.333],"y":[0,0,0]},"n":["0p667_1_0p333_0","0p667_1_0p333_0","0p667_1_0p333_0"],"t":253.301,"s":[92.941,92.941,100],"e":[100,100,100]},{"t":261}],"ix":6}},"ao":0,"t":{"d":{"k":[{"s":{"s":1000,"f":"BalooBhai-Regular","t":"6","j":0,"tr":0,"lh":1200,"ls":0,"fc":[0.059,0.8,0.808]},"t":0}]},"p":{},"m":{"g":1,"a":{"a":0,"k":[0,0],"ix":2}},"a":[]},"ip":240,"op":300,"st":240,"bm":0},{"ddd":0,"ind":17,"ty":5,"nm":"7","sr":1,"ks":{"o":{"a":0,"k":100,"ix":11},"r":{"a":0,"k":0,"ix":10},"p":{"a":0,"k":[500.108,500.022,0],"ix":2},"a":{"a":0,"k":[248.5,-299.5,0],"ix":1},"s":{"a":1,"k":[{"i":{"x":[0.667,0.667,0.667],"y":[1,1,1]},"o":{"x":[0.333,0.333,0.333],"y":[0,0,0]},"n":["0p667_1_0p333_0","0p667_1_0p333_0","0p667_1_0p333_0"],"t":180,"s":[4.314,4.314,100],"e":[121.807,121.807,100]},{"i":{"x":[0.667,0.667,0.667],"y":[1,1,1]},"o":{"x":[0.333,0.333,0.333],"y":[0,0,0]},"n":["0p667_1_0p333_0","0p667_1_0p333_0","0p667_1_0p333_0"],"t":186.301,"s":[121.807,121.807,100],"e":[92.941,92.941,100]},{"i":{"x":[0.667,0.667,0.667],"y":[1,1,1]},"o":{"x":[0.333,0.333,0.333],"y":[0,0,0]},"n":["0p667_1_0p333_0","0p667_1_0p333_0","0p667_1_0p333_0"],"t":193.301,"s":[92.941,92.941,100],"e":[100,100,100]},{"t":201}],"ix":6}},"ao":0,"t":{"d":{"k":[{"s":{"s":1000,"f":"BalooBhai-Regular","t":"7","j":0,"tr":0,"lh":1200,"ls":0,"fc":[0.059,0.8,0.808]},"t":0}]},"p":{},"m":{"g":1,"a":{"a":0,"k":[0,0],"ix":2}},"a":[]},"ip":180,"op":240,"st":180,"bm":0},{"ddd":0,"ind":18,"ty":5,"nm":"8","sr":1,"ks":{"o":{"a":0,"k":100,"ix":11},"r":{"a":0,"k":0,"ix":10},"p":{"a":0,"k":[499.914,499.978,0],"ix":2},"a":{"a":0,"k":[278,-304,0],"ix":1},"s":{"a":1,"k":[{"i":{"x":[0.667,0.667,0.667],"y":[1,1,1]},"o":{"x":[0.333,0.333,0.333],"y":[0,0,0]},"n":["0p667_1_0p333_0","0p667_1_0p333_0","0p667_1_0p333_0"],"t":120,"s":[4.314,4.314,100],"e":[121.807,121.807,100]},{"i":{"x":[0.667,0.667,0.667],"y":[1,1,1]},"o":{"x":[0.333,0.333,0.333],"y":[0,0,0]},"n":["0p667_1_0p333_0","0p667_1_0p333_0","0p667_1_0p333_0"],"t":126.301,"s":[121.807,121.807,100],"e":[92.941,92.941,100]},{"i":{"x":[0.667,0.667,0.667],"y":[1,1,1]},"o":{"x":[0.333,0.333,0.333],"y":[0,0,0]},"n":["0p667_1_0p333_0","0p667_1_0p333_0","0p667_1_0p333_0"],"t":133.301,"s":[92.941,92.941,100],"e":[100,100,100]},{"t":141}],"ix":6}},"ao":0,"t":{"d":{"k":[{"s":{"s":1000,"f":"BalooBhai-Regular","t":"8","j":0,"tr":0,"lh":1200,"ls":0,"fc":[0.059,0.8,0.808]},"t":0}]},"p":{},"m":{"g":1,"a":{"a":0,"k":[0,0],"ix":2}},"a":[]},"ip":120,"op":180,"st":120,"bm":0},{"ddd":0,"ind":19,"ty":5,"nm":"9","sr":1,"ks":{"o":{"a":0,"k":100,"ix":11},"r":{"a":0,"k":0,"ix":10},"p":{"a":0,"k":[500.022,500,0],"ix":2},"a":{"a":0,"k":[278,-303.5,0],"ix":1},"s":{"a":1,"k":[{"i":{"x":[0.667,0.667,0.667],"y":[1,1,1]},"o":{"x":[0.333,0.333,0.333],"y":[0,0,0]},"n":["0p667_1_0p333_0","0p667_1_0p333_0","0p667_1_0p333_0"],"t":60,"s":[4.314,4.314,100],"e":[121.807,121.807,100]},{"i":{"x":[0.667,0.667,0.667],"y":[1,1,1]},"o":{"x":[0.333,0.333,0.333],"y":[0,0,0]},"n":["0p667_1_0p333_0","0p667_1_0p333_0","0p667_1_0p333_0"],"t":66.301,"s":[121.807,121.807,100],"e":[92.941,92.941,100]},{"i":{"x":[0.667,0.667,0.667],"y":[1,1,1]},"o":{"x":[0.333,0.333,0.333],"y":[0,0,0]},"n":["0p667_1_0p333_0","0p667_1_0p333_0","0p667_1_0p333_0"],"t":73.301,"s":[92.941,92.941,100],"e":[100,100,100]},{"t":81}],"ix":6}},"ao":0,"t":{"d":{"k":[{"s":{"s":1000,"f":"BalooBhai-Regular","t":"9","j":0,"tr":0,"lh":1200,"ls":0,"fc":[0.059,0.8,0.808]},"t":0}]},"p":{},"m":{"g":1,"a":{"a":0,"k":[0,0],"ix":2}},"a":[]},"ip":60,"op":120,"st":60,"bm":0},{"ddd":0,"ind":20,"ty":5,"nm":"10","sr":1,"ks":{"o":{"a":0,"k":100,"ix":11},"r":{"a":0,"k":0,"ix":10},"p":{"a":0,"k":[500.379,500.751,0],"ix":2},"a":{"a":0,"k":[390,-242,0],"ix":1},"s":{"a":1,"k":[{"i":{"x":[0.667,0.667,0.667],"y":[1,1,1]},"o":{"x":[0.333,0.333,0.333],"y":[0,0,0]},"n":["0p667_1_0p333_0","0p667_1_0p333_0","0p667_1_0p333_0"],"t":0,"s":[4.314,4.314,100],"e":[121.807,121.807,100]},{"i":{"x":[0.667,0.667,0.667],"y":[1,1,1]},"o":{"x":[0.333,0.333,0.333],"y":[0,0,0]},"n":["0p667_1_0p333_0","0p667_1_0p333_0","0p667_1_0p333_0"],"t":6.301,"s":[121.807,121.807,100],"e":[92.941,92.941,100]},{"i":{"x":[0.667,0.667,0.667],"y":[1,1,1]},"o":{"x":[0.333,0.333,0.333],"y":[0,0,0]},"n":["0p667_1_0p333_0","0p667_1_0p333_0","0p667_1_0p333_0"],"t":13.301,"s":[92.941,92.941,100],"e":[100,100,100]},{"t":21}],"ix":6}},"ao":0,"t":{"d":{"k":[{"s":{"s":800,"f":"BalooBhai-Regular","t":"10","j":0,"tr":0,"lh":960,"ls":0,"fc":[0.059,0.8,0.808]},"t":0}]},"p":{},"m":{"g":1,"a":{"a":0,"k":[0,0],"ix":2}},"a":[]},"ip":0,"op":60,"st":0,"bm":0}],"markers":[],"chars":[{"ch":"1","size":800,"style":"Regular","w":39.3,"data":{"shapes":[{"ty":"gr","it":[{"ind":0,"ty":"sh","ix":1,"ks":{"a":0,"k":{"i":[[0,0],[-0.434,-1.033],[-0.8,-0.6],[-1.167,-0.2],[-1.467,0],[-1.434,0.233],[-0.734,0.133],[0,0],[1.666,1.667],[2.866,0],[0,0],[0,0],[0,-4],[-1,-1.2],[-1,-0.666],[0,0]],"o":[[0,1.667],[0.433,1.034],[0.8,0.6],[1.166,0.2],[1.466,0],[1.433,-0.234],[0,0],[0,-2.866],[-1.667,-1.666],[0,0],[0,0],[-4.867,1.6],[0,2.134],[1,1.2],[0,0],[0,0]],"v":[[15.5,-7.2],[16.15,-3.15],[18,-0.7],[20.95,0.5],[24.9,0.8],[29.25,0.45],[32.5,-0.1],[32.5,-52.2],[30,-59],[23.2,-61.5],[19.5,-61.5],[8.3,-57.7],[1,-49.3],[2.5,-44.3],[5.5,-41.5],[15.5,-44.6]],"c":true},"ix":2},"nm":"1","mn":"ADBE Vector Shape - Group","hd":false}],"nm":"1","np":3,"cix":2,"bm":0,"ix":1,"mn":"ADBE Vector Group","hd":false}]},"fFamily":"Baloo Bhai"},{"ch":"0","size":800,"style":"Regular","w":60.6,"data":{"shapes":[{"ty":"gr","it":[{"ind":0,"ty":"sh","ix":1,"ks":{"a":0,"k":{"i":[[1.7,-3.233],[3.133,0],[1.633,3.234],[0,5.867],[-1.634,3.2],[-3.134,0],[-1.7,-3.2],[0,-5.866]],"o":[[-1.7,3.234],[-3.134,0],[-1.634,-3.233],[0,-5.866],[1.633,-3.2],[3.133,0],[1.7,3.2],[0,5.867]],"v":[[37.45,-16.75],[30.2,-11.9],[23.05,-16.75],[20.6,-30.4],[23.05,-44],[30.2,-48.8],[37.45,-44],[40,-30.4]],"c":true},"ix":2},"nm":"0","mn":"ADBE Vector Shape - Group","hd":false},{"ind":1,"ty":"sh","ix":2,"ks":{"a":0,"k":{"i":[[1.333,3.967],[2.366,2.7],[3.3,1.4],[3.866,0],[3.3,-1.4],[2.366,-2.7],[1.3,-3.966],[0,-5.133],[-1.3,-4],[-2.367,-2.7],[-3.3,-1.4],[-3.934,0],[-3.3,1.4],[-2.367,2.7],[-1.334,4],[0,5.134]],"o":[[-1.334,-3.966],[-2.367,-2.7],[-3.3,-1.4],[-3.934,0],[-3.3,1.4],[-2.367,2.7],[-1.3,3.967],[0,5.134],[1.3,4],[2.366,2.7],[3.3,1.4],[3.866,0],[3.3,-1.4],[2.366,-2.7],[1.333,-4],[0,-5.133]],"v":[[55.1,-44.05],[49.55,-54.05],[41.05,-60.2],[30.3,-62.3],[19.45,-60.2],[10.95,-54.05],[5.45,-44.05],[3.5,-30.4],[5.45,-16.7],[10.95,-6.65],[19.45,-0.5],[30.3,1.6],[41.05,-0.5],[49.55,-6.65],[55.1,-16.7],[57.1,-30.4]],"c":true},"ix":2},"nm":"0","mn":"ADBE Vector Shape - Group","hd":false}],"nm":"0","np":5,"cix":2,"bm":0,"ix":1,"mn":"ADBE Vector Group","hd":false}]},"fFamily":"Baloo Bhai"},{"ch":"9","size":1000,"style":"Regular","w":55.8,"data":{"shapes":[{"ty":"gr","it":[{"ind":0,"ty":"sh","ix":1,"ks":{"a":0,"k":{"i":[[1.966,0.434],[1.8,0.8],[0.633,-1.3],[0,-1.4],[-3,-1.466],[-5.334,0],[-3.467,1.4],[-2.5,2.8],[-1.4,4.2],[0,5.534],[4.5,5.267],[7.866,0],[2.966,-1.166],[2,-1.966],[1,-2.566],[0,-2.866],[-1,-2.466],[-1.8,-1.7],[-2.5,-0.866],[-3.067,0],[-1.967,0.8],[-0.734,0.6],[2.566,-2.2],[4.266,0]],"o":[[-1.967,-0.433],[-0.867,0.667],[-0.634,1.3],[0,3],[3,1.466],[4.2,0],[3.466,-1.4],[2.5,-2.8],[1.4,-4.2],[0,-9.733],[-4.5,-5.266],[-3.934,0],[-2.967,1.167],[-2,1.967],[-1,2.567],[0,3.267],[1,2.467],[1.8,1.7],[2.5,0.867],[3.066,0],[1.966,-0.8],[0,3.867],[-2.567,2.2],[-1.667,0]],"v":[[15.75,-12.45],[10.1,-14.3],[7.85,-11.35],[6.9,-7.3],[11.4,-0.6],[23.9,1.6],[35.4,-0.5],[44.35,-6.8],[50.2,-17.3],[52.3,-31.9],[45.55,-54.4],[27,-62.3],[16.65,-60.55],[9.2,-55.85],[4.7,-49.05],[3.2,-40.9],[4.7,-32.3],[8.9,-26.05],[15.35,-22.2],[23.7,-20.9],[31.25,-22.1],[35.3,-24.2],[31.45,-15.1],[21.2,-11.8]],"c":true},"ix":2},"nm":"9","mn":"ADBE Vector Shape - Group","hd":false},{"ind":1,"ty":"sh","ix":2,"ks":{"a":0,"k":{"i":[[1.4,1.367],[0,2.267],[-1.234,1.367],[-2.2,0],[-1.267,-1.733],[-0.067,-3.8],[0,0],[1.3,-0.533],[1.266,0]],"o":[[-1.4,-1.366],[0,-2.333],[1.233,-1.366],[2.466,0],[1.266,1.734],[0,0],[-0.867,0.934],[-1.3,0.534],[-2.2,0]],"v":[[22.2,-35.75],[20.1,-41.2],[21.95,-46.75],[27.1,-48.8],[32.7,-46.2],[34.7,-37.9],[34.7,-36.7],[31.45,-34.5],[27.6,-33.7]],"c":true},"ix":2},"nm":"9","mn":"ADBE Vector Shape - Group","hd":false}],"nm":"9","np":5,"cix":2,"bm":0,"ix":1,"mn":"ADBE Vector Group","hd":false}]},"fFamily":"Baloo Bhai"},{"ch":"8","size":1000,"style":"Regular","w":56,"data":{"shapes":[{"ty":"gr","it":[{"ind":0,"ty":"sh","ix":1,"ks":{"a":0,"k":{"i":[[-1.267,-2.033],[-1.8,-1.466],[1.566,-2.4],[0,-3.6],[-1.167,-2.2],[-2.1,-1.6],[-3,-0.866],[-3.734,0],[-3,0.866],[-2.134,1.6],[-1.134,2.2],[0,2.667],[1.6,2.367],[2.533,1.734],[-1.2,2.2],[0,2.934],[1.133,2.134],[2,1.467],[2.8,0.8],[3.333,0],[2.8,-0.866],[2,-1.6],[1.133,-2.2],[0,-2.666]],"o":[[1.266,2.034],[-2.134,1.334],[-1.567,2.4],[0,2.667],[1.166,2.2],[2.1,1.6],[3,0.866],[3.733,0],[3,-0.866],[2.133,-1.6],[1.133,-2.2],[0,-4],[-1.6,-2.366],[2.133,-1.466],[1.2,-2.2],[0,-2.666],[-1.134,-2.133],[-2,-1.466],[-2.8,-0.8],[-3.334,0],[-2.8,0.867],[-2,1.6],[-1.134,2.2],[0,3.467]],"v":[[6.9,-36.15],[11.5,-30.9],[5.95,-25.3],[3.6,-16.3],[5.35,-9],[10.25,-3.3],[17.9,0.4],[28,1.7],[38.1,0.4],[45.8,-3.3],[50.7,-9],[52.4,-16.3],[50,-25.85],[43.8,-32],[48.8,-37.5],[50.6,-45.2],[48.9,-52.4],[44.2,-57.8],[37,-61.2],[27.8,-62.4],[18.6,-61.1],[11.4,-57.4],[6.7,-51.7],[5,-44.4]],"c":true},"ix":2},"nm":"8","mn":"ADBE Vector Shape - Group","hd":false},{"ind":1,"ty":"sh","ix":2,"ks":{"a":0,"k":{"i":[[-1.234,1.367],[-2.934,0.667],[-1.167,-1.3],[0,-1.933],[1.366,-1.233],[2.133,0],[1.366,1.2],[0,2.067]],"o":[[1.233,-1.366],[2,0.734],[1.166,1.3],[0,2],[-1.367,1.234],[-2.134,0],[-1.367,-1.2],[0,-1.866]],"v":[[22.55,-22.65],[28.8,-25.7],[33.55,-22.65],[35.3,-17.8],[33.25,-12.95],[28,-11.1],[22.75,-12.9],[20.7,-17.8]],"c":true},"ix":2},"nm":"8","mn":"ADBE Vector Shape - Group","hd":false},{"ind":2,"ty":"sh","ix":3,"ks":{"a":0,"k":{"i":[[1.066,-1.2],[2.333,-0.533],[1.1,1.067],[0,1.734],[-1.067,1.067],[-1.934,0],[-1.067,-1.066],[0,-1.8]],"o":[[-1.067,1.2],[-1.467,-0.666],[-1.1,-1.066],[0,-1.733],[1.066,-1.066],[1.933,0],[1.066,1.067],[0,1.534]],"v":[[32.3,-39.7],[27.2,-37.1],[23.35,-39.7],[21.7,-43.9],[23.3,-48.1],[27.8,-49.7],[32.3,-48.1],[33.9,-43.8]],"c":true},"ix":2},"nm":"8","mn":"ADBE Vector Shape - Group","hd":false}],"nm":"8","np":6,"cix":2,"bm":0,"ix":1,"mn":"ADBE Vector Group","hd":false}]},"fFamily":"Baloo Bhai"},{"ch":"7","size":1000,"style":"Regular","w":49.7,"data":{"shapes":[{"ty":"gr","it":[{"ind":0,"ty":"sh","ix":1,"ks":{"a":0,"k":{"i":[[0,0],[1.133,-1.066],[0,-2.533],[-0.4,-1.2],[-0.4,-0.733],[0,0],[0,0],[0.666,-1.633],[0,-1.4],[-1.867,-1.133],[-3,0],[-0.834,0],[-0.934,0.066],[0,0],[-0.2,1.1],[0,1.067],[0.9,1.3],[1.133,0.734]],"o":[[-1.734,0],[-1.134,1.067],[0,1.334],[0.4,1.2],[0,0],[0,0],[-1.134,2.267],[-0.667,1.634],[0,2.8],[1.866,1.133],[0.733,0],[0.833,0],[0,0],[0.466,-1.066],[0.2,-1.1],[0,-1.933],[-0.9,-1.3],[0,0]],"v":[[8,-60.8],[3.7,-59.2],[2,-53.8],[2.6,-50],[3.8,-47.1],[28.3,-47.1],[13.7,-17.2],[11,-11.35],[10,-6.8],[12.8,-0.9],[20.1,0.8],[22.45,0.8],[25.1,0.7],[45.9,-46.4],[46.9,-49.65],[47.2,-52.9],[45.85,-57.75],[42.8,-60.8]],"c":true},"ix":2},"nm":"7","mn":"ADBE Vector Shape - Group","hd":false}],"nm":"7","np":3,"cix":2,"bm":0,"ix":1,"mn":"ADBE Vector Group","hd":false}]},"fFamily":"Baloo Bhai"},{"ch":"6","size":1000,"style":"Regular","w":55.8,"data":{"shapes":[{"ty":"gr","it":[{"ind":0,"ty":"sh","ix":1,"ks":{"a":0,"k":{"i":[[2.833,1.467],[5.333,0],[3.466,-1.4],[2.5,-2.8],[1.366,-4.2],[0,-5.533],[-4.5,-5.266],[-7.867,0],[-2.967,1.166],[-2,1.967],[-1,2.6],[0,2.867],[3.633,3.534],[6.133,0],[2.2,-0.766],[1.333,-0.933],[-2.167,2.1],[-4,0],[-1.967,-0.433],[-1.8,-0.8],[-0.634,1.3],[0,1.4]],"o":[[-2.834,-1.466],[-4.2,0],[-3.467,1.4],[-2.5,2.8],[-1.367,4.2],[0,9.734],[4.5,5.267],[3.933,0],[2.966,-1.166],[2,-1.966],[1,-2.6],[0,-6.6],[-3.634,-3.533],[-2.334,0],[-2.2,0.767],[0.733,-3.933],[2.166,-2.1],[1.666,0],[1.966,0.434],[0.866,-0.666],[0.633,-1.3],[0,-3]],"v":[[44.05,-60.1],[31.8,-62.3],[20.3,-60.2],[11.35,-53.9],[5.55,-43.4],[3.5,-28.8],[10.25,-6.3],[28.8,1.6],[39.15,-0.15],[46.6,-4.85],[51.1,-11.7],[52.6,-19.9],[47.15,-35.1],[32.5,-40.4],[25.7,-39.25],[20.4,-36.7],[24.75,-45.75],[34,-48.9],[39.45,-48.25],[45.1,-46.4],[47.35,-49.35],[48.3,-53.4]],"c":true},"ix":2},"nm":"6","mn":"ADBE Vector Shape - Group","hd":false},{"ind":1,"ty":"sh","ix":2,"ks":{"a":0,"k":{"i":[[-1.167,-1.366],[0,-2.333],[1.1,-1.466],[2.2,0],[1.5,1.534],[0,3.6],[0,0],[-1.434,0.534],[-1.267,0]],"o":[[1.166,1.367],[0,2.334],[-1.1,1.467],[-2.134,0],[-1.5,-1.533],[0,0],[0.866,-0.933],[1.433,-0.533],[2.2,0]],"v":[[33.75,-25.35],[35.5,-19.8],[33.85,-14.1],[28.9,-11.9],[23.45,-14.2],[21.2,-21.9],[21.2,-24.4],[24.65,-26.6],[28.7,-27.4]],"c":true},"ix":2},"nm":"6","mn":"ADBE Vector Shape - Group","hd":false}],"nm":"6","np":5,"cix":2,"bm":0,"ix":1,"mn":"ADBE Vector Group","hd":false}]},"fFamily":"Baloo Bhai"},{"ch":"5","size":1000,"style":"Regular","w":52.2,"data":{"shapes":[{"ty":"gr","it":[{"ind":0,"ty":"sh","ix":1,"ks":{"a":0,"k":{"i":[[-3.1,1.133],[-2,1.9],[-0.934,2.534],[0,2.734],[0.766,2.4],[1.633,1.8],[2.533,1.034],[3.466,0],[1.3,-0.266],[1.266,-0.333],[0,0],[0,0],[-1.134,1.067],[0,2.534],[0.4,1.2],[0.4,0.734],[0,0],[1.6,-1.666],[0.2,-2.866],[0,0],[0,-0.3],[0,-0.2],[-1.9,-1.633],[-3.267,-0.133],[-1.2,0.4],[-1.8,0],[-1.167,-1.266],[0,-1.933],[1.333,-1.4],[3.133,0],[2.133,1.034],[1.866,1.4],[1.066,-1.266],[0,-1.866],[-1,-1.366],[-1.8,-0.933],[-2.5,-0.467],[-3.067,0]],"o":[[3.1,-1.133],[2,-1.9],[0.933,-2.533],[0,-2.733],[-0.767,-2.4],[-1.634,-1.8],[-2.534,-1.033],[-2,0],[-1.3,0.267],[0,0],[0,0],[1.733,0],[1.133,-1.066],[0,-1.333],[-0.4,-1.2],[0,0],[-2.867,0],[-1.6,1.667],[0,0],[-0.067,0.934],[0,0.3],[0,3.4],[1.9,1.634],[1.533,-0.733],[1.2,-0.4],[2.866,0],[1.166,1.267],[0,2],[-1.334,1.4],[-3.267,0],[-2.134,-1.033],[-1.334,0.734],[-1.067,1.267],[0,1.8],[1,1.367],[1.8,0.934],[2.5,0.466],[4.4,0]],"v":[[36.25,-0.1],[43.9,-4.65],[48.3,-11.3],[49.7,-19.2],[48.55,-26.9],[44.95,-33.2],[38.7,-37.45],[29.7,-39],[24.75,-38.6],[20.9,-37.7],[21.6,-47.1],[40.8,-47.1],[45.1,-48.7],[46.8,-54.1],[46.2,-57.9],[45,-60.8],[16.2,-60.8],[9.5,-58.3],[6.8,-51.5],[5.6,-36.3],[5.5,-34.45],[5.5,-33.7],[8.35,-26.15],[16.1,-23.5],[20.2,-25.2],[24.7,-25.8],[30.75,-23.9],[32.5,-19.1],[30.5,-14],[23.8,-11.9],[15.7,-13.45],[9.7,-17.1],[6.1,-14.1],[4.5,-9.4],[6,-4.65],[10.2,-1.2],[16.65,0.9],[25,1.6]],"c":true},"ix":2},"nm":"5","mn":"ADBE Vector Shape - Group","hd":false}],"nm":"5","np":3,"cix":2,"bm":0,"ix":1,"mn":"ADBE Vector Group","hd":false}]},"fFamily":"Baloo Bhai"},{"ch":"4","size":1000,"style":"Regular","w":62.6,"data":{"shapes":[{"ty":"gr","it":[{"ind":0,"ty":"sh","ix":1,"ks":{"a":0,"k":{"i":[[0,0],[0.333,-1.533],[0,-1.266],[-1.1,-1.566],[-1.534,-0.8],[0,0],[0,0],[-0.4,-0.933],[-0.767,-0.5],[-1.134,-0.134],[-1.467,0],[-1.467,0.233],[-0.734,0.133],[0,0],[0,0],[-1.134,1.067],[0,2.534],[0.4,1.2],[0.4,0.734],[0,0],[0,0],[0.666,1.2],[1.133,0.7],[1.433,0.3],[1.533,0],[1.633,-0.266],[1.266,-0.4]],"o":[[-0.8,1.134],[-0.334,1.534],[0,2.267],[1.1,1.567],[0,0],[0,0],[0,1.6],[0.4,0.934],[0.766,0.5],[1.133,0.133],[1.333,0],[1.466,-0.234],[0,0],[0,0],[1.733,0],[1.133,-1.066],[0,-1.333],[-0.4,-1.2],[0,0],[0,0],[0,-1.8],[-0.667,-1.2],[-1.134,-0.7],[-1.434,-0.3],[-1.334,0],[-1.634,0.267],[0,0]],"v":[[4.3,-29.4],[2.6,-25.4],[2.1,-21.2],[3.75,-15.45],[7.7,-11.9],[32.8,-11.9],[32.8,-6.3],[33.4,-2.5],[35.15,-0.35],[38,0.6],[41.9,0.8],[46.1,0.45],[49.4,-0.1],[49.4,-11.9],[54.1,-11.9],[58.4,-13.5],[60.1,-18.9],[59.5,-22.7],[58.3,-25.6],[49.4,-25.6],[49.4,-52.2],[48.4,-56.7],[45.7,-59.55],[41.85,-61.05],[37.4,-61.5],[32.95,-61.1],[28.6,-60.1]],"c":true},"ix":2},"nm":"4","mn":"ADBE Vector Shape - Group","hd":false},{"ind":1,"ty":"sh","ix":2,"ks":{"a":0,"k":{"i":[[0,0],[0,0],[0,0],[0,0]],"o":[[0,0],[0,0],[0,0],[0,0]],"v":[[33.7,-25.6],[20.1,-25.6],[33.4,-44.4],[33.7,-44.4]],"c":true},"ix":2},"nm":"4","mn":"ADBE Vector Shape - Group","hd":false}],"nm":"4","np":5,"cix":2,"bm":0,"ix":1,"mn":"ADBE Vector Group","hd":false}]},"fFamily":"Baloo Bhai"},{"ch":"3","size":1000,"style":"Regular","w":51.8,"data":{"shapes":[{"ty":"gr","it":[{"ind":0,"ty":"sh","ix":1,"ks":{"a":0,"k":{"i":[[3.466,-1.566],[0,-3.333],[-0.734,-1.166],[-1.134,-0.8],[-2.067,0.634],[-2.734,0],[-1.534,-1.066],[0,-1.733],[4.8,0],[0,0],[0.3,-1.1],[0,-1.533],[-0.334,-1.066],[-0.467,-0.733],[0,0],[-1.3,-1],[0,-1.933],[1.633,-1.2],[3.4,0],[2.233,1.034],[1.333,0.934],[0.866,-1.3],[0,-1.8],[-3.534,-1.933],[-6.934,0],[-3.034,0.833],[-2.2,1.6],[-1.234,2.267],[0,2.867],[0.533,1.6],[0.933,1.2],[1.2,0.8],[1.4,0.534],[-1.7,2.234],[0,3.2],[4,3.167],[7.666,0]],"o":[[-3.467,1.567],[0,1.6],[0.733,1.167],[1.333,-0.933],[2.066,-0.633],[3.066,0],[1.533,1.067],[0,3.667],[0,0],[-0.534,0.734],[-0.3,1.1],[0,1.467],[0.333,1.067],[0,0],[3.2,0],[1.3,1],[0,1.934],[-1.634,1.2],[-3.6,0],[-2.234,-1.033],[-1.267,0.734],[-0.867,1.3],[0,3],[3.533,1.933],[3.6,0],[3.033,-0.833],[2.2,-1.6],[1.233,-2.266],[0,-2.133],[-0.534,-1.6],[-0.934,-1.2],[-1.2,-0.8],[2.333,-1.133],[1.7,-2.233],[0,-5.333],[-4,-3.166],[-5.8,0]],"v":[[9.4,-59.95],[4.2,-52.6],[5.3,-48.45],[8.1,-45.5],[13.2,-47.85],[20.4,-48.8],[27.3,-47.2],[29.6,-43],[22.4,-37.5],[13,-37.5],[11.75,-34.75],[11.3,-30.8],[11.8,-27],[13,-24.3],[22.4,-24.3],[29.15,-22.8],[31.1,-18.4],[28.65,-13.7],[21.1,-11.9],[12.35,-13.45],[7,-16.4],[3.8,-13.35],[2.5,-8.7],[7.8,-1.3],[23.5,1.6],[33.45,0.35],[41.3,-3.3],[46.45,-9.1],[48.3,-16.8],[47.5,-22.4],[45.3,-26.6],[42.1,-29.6],[38.2,-31.6],[44.25,-36.65],[46.8,-44.8],[40.8,-57.55],[23.3,-62.3]],"c":true},"ix":2},"nm":"3","mn":"ADBE Vector Shape - Group","hd":false}],"nm":"3","np":3,"cix":2,"bm":0,"ix":1,"mn":"ADBE Vector Group","hd":false}]},"fFamily":"Baloo Bhai"},{"ch":"2","size":1000,"style":"Regular","w":52.2,"data":{"shapes":[{"ty":"gr","it":[{"ind":0,"ty":"sh","ix":1,"ks":{"a":0,"k":{"i":[[3.266,-1.7],[0,-3.466],[-0.734,-1.2],[-1.134,-0.8],[-2.1,0.834],[-2.667,0],[-1.634,-1.066],[0,-1.866],[0.3,-0.8],[0.7,-0.933],[1.133,-1.166],[1.733,-1.466],[0,0],[0.933,-1.566],[0,-2.266],[-0.834,-1.566],[-1.467,-1],[0,0],[-1.067,1.034],[0,2.4],[0.366,1.134],[0.4,0.734],[0,0],[0,0],[0,7],[1.066,2.267],[2.066,1.667],[2.933,0.967],[3.8,0]],"o":[[-3.267,1.7],[0,1.6],[0.733,1.2],[1.4,-0.933],[2.1,-0.833],[2.4,0],[1.633,1.067],[0,0.734],[-0.3,0.8],[-0.7,0.934],[-1.134,1.167],[0,0],[-1.134,0.934],[-0.934,1.567],[0,2.134],[0.833,1.567],[0,0],[1.733,0],[1.066,-1.033],[0,-1.333],[-0.367,-1.133],[0,0],[0,0],[7.933,-6.333],[0,-2.6],[-1.067,-2.266],[-2.067,-1.666],[-2.934,-0.966],[-5.534,0]],"v":[[10.9,-59.75],[6,-52],[7.1,-47.8],[9.9,-44.8],[15.15,-47.45],[22.3,-48.7],[28.35,-47.1],[30.8,-42.7],[30.35,-40.4],[28.85,-37.8],[26.1,-34.65],[21.8,-30.7],[8,-18.9],[4.9,-15.15],[3.5,-9.4],[4.75,-3.85],[8.2,0],[42.9,0],[47.1,-1.55],[48.7,-6.7],[48.15,-10.4],[47,-13.2],[23,-13.2],[36.1,-23.7],[48,-43.7],[46.4,-51],[41.7,-56.9],[34.2,-60.85],[24.1,-62.3]],"c":true},"ix":2},"nm":"2","mn":"ADBE Vector Shape - Group","hd":false}],"nm":"2","np":3,"cix":2,"bm":0,"ix":1,"mn":"ADBE Vector Group","hd":false}]},"fFamily":"Baloo Bhai"}]}